Club,Period_Months,Market_Value,Transfer_Fee,Appearances,Minutes_Played,Goals,Goals_PerGame,Minutes_PerGoal,Assists
Malm√∂ FF,30,0,0,47,-,18,0.38,-,3
Ajax,37,0,7800000,110,7193,48,0.44,150,15
Juventus,23,0,16000000,92,6867,26,0.28,264,7
Internazionale,36,25000000,24800000,117,9712,66,0.56,147,29
Barcelona,13,45000000,69500000,46,3334,22,0.48,152,13
A.C. Milan(Loan),10,35000000,0,41,3394,21,0.51,162,12
A.C. Milan,12,35000000,24000000,44,3807,35,0.8,109,12
Paris Saint-Germain,48,37000000,21000000,180,15090,156,0.87,97,60
Manchester United,21,15000000,0,53,4034,29,0.55,139,10
LA Galaxy,21,5000000,0,58,4933,53,0.91,93,15
